filename,xcenter,ycenter,userdetect,astrographdetection,objectname,username,imagenumber,groupnumber,imagestarttime,site,tracknum,imagefilename,filenum
sat_37834.0001.ast,315.458,291.895,1,1,37834,khamada,1,6,2015.10.28 05:03:57.607,rme02,1,sat_37834.0001.fits,1
sat_37834.0002.ast,315.51,292.177,1,1,37834,khamada,2,6,2015.10.28 05:04:04.190,rme02,1,sat_37834.0002.fits,2
sat_37834.0003.ast,315.449,292.18,1,1,37834,khamada,3,6,2015.10.28 05:04:10.862,rme02,1,sat_37834.0003.fits,3
sat_37834.0004.ast,315.41,292.086,1,1,37834,khamada,4,6,2015.10.28 05:04:17.542,rme02,1,sat_37834.0004.fits,4
sat_37834.0005.ast,315.312,292.149,1,1,37834,khamada,5,6,2015.10.28 05:04:24.434,rme02,1,sat_37834.0005.fits,5
sat_37834.0006.ast,315.485,292.421,1,1,37834,khamada,6,6,2015.10.28 05:04:31.161,rme02,1,sat_37834.0006.fits,6
sat_37834.0007.ast,316.729,289.401,1,1,37834,khamada,1,6,2015.10.28 05:09:08.844,rme02,2,sat_37834.0007.fits,7
sat_37834.0008.ast,316.48,289.454,1,1,37834,khamada,2,6,2015.10.28 05:09:15.487,rme02,2,sat_37834.0008.fits,8
sat_37834.0009.ast,316.684,289.793,1,1,37834,khamada,3,6,2015.10.28 05:09:22.026,rme02,2,sat_37834.0009.fits,9
sat_37834.0010.ast,329.715,290.897,1,1,37834,khamada,4,6,2015.10.28 05:09:28.659,rme02,2,sat_37834.0010.fits,10
sat_37834.0011.ast,317.362,289.593,1,1,37834,khamada,5,6,2015.10.28 05:09:35.337,rme02,2,sat_37834.0011.fits,11
sat_37834.0012.ast,315.9415954416,291.8732193732,1,0,0,khamada,6,6,2015.10.28 05:09:42.032,rme02,2,sat_37834.0012.fits,12
sat_37834.0037.ast,317.202,287.963,1,1,37834,khamada,1,6,2015.10.28 06:01:16.744,rme02,7,sat_37834.0037.fits,37
sat_37834.0038.ast,316.197,288.229,1,1,37834,khamada,2,6,2015.10.28 06:01:23.508,rme02,7,sat_37834.0038.fits,38
sat_37834.0039.ast,316.966,288.73,1,1,37834,khamada,3,6,2015.10.28 06:01:30.164,rme02,7,sat_37834.0039.fits,39
sat_37834.0039.ast,332.006,401.939,0,1,40882,khamada,3,6,2015.10.28 06:01:30.164,rme02,7,sat_37834.0039.fits,39
sat_37834.0040.ast,317.148,288.621,1,1,37834,khamada,4,6,2015.10.28 06:01:36.792,rme02,7,sat_37834.0040.fits,40
sat_37834.0040.ast,331.995,401.959,0,1,40882,khamada,4,6,2015.10.28 06:01:36.792,rme02,7,sat_37834.0040.fits,40
sat_37834.0041.ast,317.003,289.007,1,1,37834,khamada,5,6,2015.10.28 06:01:43.440,rme02,7,sat_37834.0041.fits,41
sat_37834.0041.ast,331.992,401.969,0,1,40882,khamada,5,6,2015.10.28 06:01:43.440,rme02,7,sat_37834.0041.fits,41
sat_37834.0042.ast,316.896,289.283,1,1,37834,khamada,6,6,2015.10.28 06:01:50.103,rme02,7,sat_37834.0042.fits,42
sat_37834.0042.ast,331.98,402.028,0,1,40882,khamada,6,6,2015.10.28 06:01:50.103,rme02,7,sat_37834.0042.fits,42
sat_37834.0043.ast,319.134,287.116,1,1,37834,khamada,1,6,2015.10.28 06:06:29.122,rme02,8,sat_37834.0043.fits,43
sat_37834.0044.ast,319.058,287.537,1,1,37834,khamada,2,6,2015.10.28 06:06:35.730,rme02,8,sat_37834.0044.fits,44
sat_37834.0045.ast,319.417,287.341,1,1,37834,khamada,3,6,2015.10.28 06:06:42.528,rme02,8,sat_37834.0045.fits,45
sat_37834.0046.ast,319.5883190883,286.0384615385,1,0,0,khamada,4,6,2015.10.28 06:06:49.185,rme02,8,sat_37834.0046.fits,46
sat_37834.0047.ast,319.333,287.583,1,1,37834,khamada,5,6,2015.10.28 06:06:55.775,rme02,8,sat_37834.0047.fits,47
sat_37834.0048.ast,319.935,287.539,1,1,37834,khamada,6,6,2015.10.28 06:07:02.321,rme02,8,sat_37834.0048.fits,48
sat_37834.0049.ast,319.569,287.188,1,1,37834,khamada,1,6,2015.10.28 06:20:50.850,rme02,9,sat_37834.0049.fits,49
sat_37834.0050.ast,319.631,287.296,1,1,37834,khamada,2,6,2015.10.28 06:20:57.550,rme02,9,sat_37834.0050.fits,50
sat_37834.0051.ast,319.752,287.879,1,1,37834,khamada,3,6,2015.10.28 06:21:04.184,rme02,9,sat_37834.0051.fits,51
sat_37834.0052.ast,319.901,287.554,1,1,37834,khamada,4,6,2015.10.28 06:21:10.806,rme02,9,sat_37834.0052.fits,52
sat_37834.0053.ast,320.195,287.215,1,1,37834,khamada,5,6,2015.10.28 06:21:17.427,rme02,9,sat_37834.0053.fits,53
sat_37834.0054.ast,320.277,287.392,1,1,37834,khamada,6,6,2015.10.28 06:21:24.050,rme02,9,sat_37834.0054.fits,54
sat_37834.0055.ast,319.861,286.805,1,1,37834,khamada,1,6,2015.10.28 06:26:03.274,rme02,10,sat_37834.0055.fits,55
sat_37834.0055.ast,341.029,338.963,0,1,40882,khamada,1,6,2015.10.28 06:26:03.274,rme02,10,sat_37834.0055.fits,55
sat_37834.0056.ast,319.149,287.72,1,1,37834,khamada,2,6,2015.10.28 06:26:09.981,rme02,10,sat_37834.0056.fits,56
sat_37834.0057.ast,319.861,287.22,1,1,37834,khamada,3,6,2015.10.28 06:26:16.681,rme02,10,sat_37834.0057.fits,57
sat_37834.0057.ast,341.097,338.963,0,1,40882,khamada,3,6,2015.10.28 06:26:16.681,rme02,10,sat_37834.0057.fits,57
sat_37834.0058.ast,319.754,287.8,1,1,37834,khamada,4,6,2015.10.28 06:26:23.346,rme02,10,sat_37834.0058.fits,58
sat_37834.0058.ast,341.041,338.996,0,1,40882,khamada,4,6,2015.10.28 06:26:23.346,rme02,10,sat_37834.0058.fits,58
sat_37834.0059.ast,319.682,287.44,1,1,37834,khamada,5,6,2015.10.28 06:26:29.951,rme02,10,sat_37834.0059.fits,59
sat_37834.0060.ast,319.583,287.85,1,1,37834,khamada,6,6,2015.10.28 06:26:36.474,rme02,10,sat_37834.0060.fits,60
sat_37834.0060.ast,341.12,339.019,0,1,40882,khamada,6,6,2015.10.28 06:26:36.474,rme02,10,sat_37834.0060.fits,60
sat_37834.0061.ast,321.169,287.193,1,1,37834,khamada,1,6,2015.10.28 06:39:42.534,rme02,11,sat_37834.0061.fits,61
sat_37834.0062.ast,320.896,287.525,1,1,37834,khamada,2,6,2015.10.28 06:39:49.122,rme02,11,sat_37834.0062.fits,62
sat_37834.0063.ast,320.814,287.528,1,1,37834,khamada,3,6,2015.10.28 06:39:55.805,rme02,11,sat_37834.0063.fits,63
sat_37834.0063.ast,341.015,339.069,0,1,40882,khamada,3,6,2015.10.28 06:39:55.805,rme02,11,sat_37834.0063.fits,63
sat_37834.0064.ast,320.92,287.447,1,1,37834,khamada,4,6,2015.10.28 06:40:02.356,rme02,11,sat_37834.0064.fits,64
sat_37834.0064.ast,341.096,338.945,0,1,40882,khamada,4,6,2015.10.28 06:40:02.356,rme02,11,sat_37834.0064.fits,64
sat_37834.0065.ast,320.452,287.669,1,1,37834,khamada,5,6,2015.10.28 06:40:09.006,rme02,11,sat_37834.0065.fits,65
sat_37834.0065.ast,341.135,339.045,0,1,40882,khamada,5,6,2015.10.28 06:40:09.006,rme02,11,sat_37834.0065.fits,65
sat_37834.0066.ast,320.787,287.62,1,1,37834,khamada,6,6,2015.10.28 06:40:15.747,rme02,11,sat_37834.0066.fits,66
sat_37834.0066.ast,341.095,339.058,0,1,40882,khamada,6,6,2015.10.28 06:40:15.747,rme02,11,sat_37834.0066.fits,66
sat_37834.0067.ast,318.287,286.686,1,1,37834,khamada,1,6,2015.10.28 06:44:54.021,rme02,12,sat_37834.0067.fits,67
sat_37834.0067.ast,163.988,228.064,0,1,40882,khamada,1,6,2015.10.28 06:44:54.021,rme02,12,sat_37834.0067.fits,67
sat_37834.0068.ast,318.518,287.038,1,1,37834,khamada,2,6,2015.10.28 06:45:00.717,rme02,12,sat_37834.0068.fits,68
sat_37834.0068.ast,163.967,228.097,0,1,40882,khamada,2,6,2015.10.28 06:45:00.717,rme02,12,sat_37834.0068.fits,68
sat_37834.0069.ast,318.505,287.251,1,1,37834,khamada,3,6,2015.10.28 06:45:07.492,rme02,12,sat_37834.0069.fits,69
sat_37834.0069.ast,163.991,228.156,0,1,40882,khamada,3,6,2015.10.28 06:45:07.492,rme02,12,sat_37834.0069.fits,69
sat_37834.0070.ast,318.56,287.433,1,1,37834,khamada,4,6,2015.10.28 06:45:14.112,rme02,12,sat_37834.0070.fits,70
sat_37834.0071.ast,318.257,286.971,1,1,37834,khamada,5,6,2015.10.28 06:45:20.734,rme02,12,sat_37834.0071.fits,71
sat_37834.0071.ast,163.984,228.073,0,1,40882,khamada,5,6,2015.10.28 06:45:20.734,rme02,12,sat_37834.0071.fits,71
sat_37834.0072.ast,318.237,287.511,1,1,37834,khamada,6,6,2015.10.28 06:45:27.303,rme02,12,sat_37834.0072.fits,72
sat_37834.0072.ast,164.024,228.108,0,1,40882,khamada,6,6,2015.10.28 06:45:27.303,rme02,12,sat_37834.0072.fits,72
sat_37834.0073.ast,320.598,286.557,1,1,37834,khamada,1,6,2015.10.28 06:58:41.229,rme02,13,sat_37834.0073.fits,73
sat_37834.0074.ast,320.653,286.677,1,1,37834,khamada,2,6,2015.10.28 06:58:47.913,rme02,13,sat_37834.0074.fits,74
sat_37834.0075.ast,320.641,286.83,1,1,37834,khamada,3,6,2015.10.28 06:58:54.550,rme02,13,sat_37834.0075.fits,75
sat_37834.0075.ast,462.997,427.939,0,1,40882,khamada,3,6,2015.10.28 06:58:54.550,rme02,13,sat_37834.0075.fits,75
sat_37834.0076.ast,320.587,286.772,1,1,37834,khamada,4,6,2015.10.28 06:59:01.090,rme02,13,sat_37834.0076.fits,76
sat_37834.0076.ast,462.956,427.961,0,1,40882,khamada,4,6,2015.10.28 06:59:01.090,rme02,13,sat_37834.0076.fits,76
sat_37834.0077.ast,320.811,286.904,1,1,37834,khamada,5,6,2015.10.28 06:59:07.909,rme02,13,sat_37834.0077.fits,77
sat_37834.0077.ast,462.983,428.001,0,1,40882,khamada,5,6,2015.10.28 06:59:07.909,rme02,13,sat_37834.0077.fits,77
sat_37834.0078.ast,320.517,287.063,1,1,37834,khamada,6,6,2015.10.28 06:59:14.606,rme02,13,sat_37834.0078.fits,78
sat_37834.0078.ast,463.014,428.007,0,1,40882,khamada,6,6,2015.10.28 06:59:14.606,rme02,13,sat_37834.0078.fits,78
sat_37834.0079.ast,321.047008547,286.7678062678,1,0,0,khamada,1,6,2015.10.28 07:03:56.329,rme02,14,sat_37834.0079.fits,79
sat_37834.0080.ast,318.858974359,286.0384615385,1,0,0,khamada,2,6,2015.10.28 07:04:03.022,rme02,14,sat_37834.0080.fits,80
sat_37834.0081.ast,319.5883190883,288.2264957265,1,0,0,khamada,3,6,2015.10.28 07:04:09.663,rme02,14,sat_37834.0081.fits,81
sat_37834.0082.ast,321.047008547,288.2264957265,1,0,0,khamada,4,6,2015.10.28 07:04:16.515,rme02,14,sat_37834.0082.fits,82
sat_37834.0083.ast,322.5056980057,286.7678062678,1,0,0,khamada,5,6,2015.10.28 07:04:23.171,rme02,14,sat_37834.0083.fits,83
sat_37834.0084.ast,320.3176638177,290.4145299145,1,0,0,khamada,6,6,2015.10.28 07:04:29.801,rme02,14,sat_37834.0084.fits,84
sat_37834.0085.ast,320.3176638177,286.0384615385,1,0,0,khamada,1,6,2015.10.28 07:18:16.776,rme02,15,sat_37834.0085.fits,85
sat_37834.0086.ast,320.3176638177,286.0384615385,1,0,0,khamada,2,6,2015.10.28 07:18:23.314,rme02,15,sat_37834.0086.fits,86
sat_37834.0087.ast,319.5883190883,286.0384615385,1,0,0,khamada,3,6,2015.10.28 07:18:30.453,rme02,15,sat_37834.0087.fits,87
sat_37834.0088.ast,321.047008547,287.4971509972,1,0,0,khamada,4,6,2015.10.28 07:18:37.066,rme02,15,sat_37834.0088.fits,88
sat_37834.0089.ast,319.5883190883,284.5797720798,1,0,0,khamada,5,6,2015.10.28 07:18:43.691,rme02,15,sat_37834.0089.fits,89
sat_37834.0090.ast,321.7763532764,284.5797720798,1,0,0,khamada,6,6,2015.10.28 07:18:50.300,rme02,15,sat_37834.0090.fits,90
sat_37834.0091.ast,320.3176638177,287.4971509972,1,0,0,khamada,1,6,2015.10.28 07:23:28.842,rme02,16,sat_37834.0091.fits,91
sat_37834.0092.ast,321.7763532764,285.3091168091,1,0,0,khamada,2,6,2015.10.28 07:23:35.452,rme02,16,sat_37834.0092.fits,92
sat_37834.0093.ast,324.6937321937,286.7678062678,1,0,0,khamada,3,6,2015.10.28 07:23:42.163,rme02,16,sat_37834.0093.fits,93
sat_37834.0094.ast,322.5056980057,286.0384615385,1,0,0,khamada,4,6,2015.10.28 07:23:48.805,rme02,16,sat_37834.0094.fits,94
sat_37834.0095.ast,320.3176638177,285.3091168091,1,0,0,khamada,5,6,2015.10.28 07:23:55.433,rme02,16,sat_37834.0095.fits,95
sat_37834.0096.ast,322.5056980057,286.7678062678,1,0,0,khamada,6,6,2015.10.28 07:24:02.038,rme02,16,sat_37834.0096.fits,96
sat_37834.0097.ast,319.5883190883,284.5797720798,1,0,0,khamada,1,6,2015.10.28 07:37:07.374,rme02,17,sat_37834.0097.fits,97
sat_37834.0098.ast,321.047008547,286.7678062678,1,0,0,khamada,2,6,2015.10.28 07:37:13.918,rme02,17,sat_37834.0098.fits,98
sat_37834.0099.ast,321.7763532764,286.0384615385,1,0,0,khamada,3,6,2015.10.28 07:37:20.481,rme02,17,sat_37834.0099.fits,99
sat_37834.0100.ast,320.3176638177,281.6623931624,1,0,0,khamada,4,6,2015.10.28 07:37:27.111,rme02,17,sat_37834.0100.fits,100
sat_37834.0101.ast,318.1296296296,286.0384615385,1,0,0,khamada,5,6,2015.10.28 07:37:33.705,rme02,17,sat_37834.0101.fits,101
sat_37834.0102.ast,318.1296296296,284.5797720798,1,0,0,khamada,6,6,2015.10.28 07:37:40.283,rme02,17,sat_37834.0102.fits,102
sat_37834.0103.ast,318.858974359,286.0384615385,1,0,0,khamada,1,6,2015.10.28 07:42:23.110,rme02,18,sat_37834.0103.fits,103
sat_37834.0104.ast,319.5883190883,286.0384615385,1,0,0,khamada,2,6,2015.10.28 07:42:29.808,rme02,18,sat_37834.0104.fits,104
sat_37834.0105.ast,318.858974359,280.933048433,1,0,0,khamada,3,6,2015.10.28 07:42:36.382,rme02,18,sat_37834.0105.fits,105
sat_37834.0106.ast,320.3176638177,285.3091168091,1,0,0,khamada,4,6,2015.10.28 07:42:43.010,rme02,18,sat_37834.0106.fits,106
sat_37834.0107.ast,321.047008547,288.2264957265,1,0,0,khamada,5,6,2015.10.28 07:42:49.953,rme02,18,sat_37834.0107.fits,107
sat_37834.0108.ast,323.9643874644,286.0384615385,1,0,0,khamada,6,6,2015.10.28 07:42:56.925,rme02,18,sat_37834.0108.fits,108
sat_37834.0109.ast,320.698,285.116,0,1,40882,khamada,1,6,2015.10.28 07:56:28.598,rme02,19,sat_37834.0109.fits,109
sat_37834.0109.ast,163.985,228.087,0,1,37834,khamada,1,6,2015.10.28 07:56:28.598,rme02,19,sat_37834.0109.fits,109
sat_37834.0109.ast,318.1296296296,286.0384615385,1,0,0,khamada,1,6,2015.10.28 07:56:28.598,rme02,19,sat_37834.0109.fits,109
sat_37834.0110.ast,320.695,285.591,0,1,40882,khamada,2,6,2015.10.28 07:56:35.321,rme02,19,sat_37834.0110.fits,110
sat_37834.0110.ast,164.043,228.073,0,1,37834,khamada,2,6,2015.10.28 07:56:35.321,rme02,19,sat_37834.0110.fits,110
sat_37834.0110.ast,316.6709401709,287.4971509972,1,0,0,khamada,2,6,2015.10.28 07:56:35.321,rme02,19,sat_37834.0110.fits,110
sat_37834.0111.ast,320.467,285.962,0,1,40882,khamada,3,6,2015.10.28 07:56:41.941,rme02,19,sat_37834.0111.fits,111
sat_37834.0111.ast,164.012,228.101,0,1,37834,khamada,3,6,2015.10.28 07:56:41.941,rme02,19,sat_37834.0111.fits,111
sat_37834.0111.ast,318.858974359,283.1210826211,1,0,0,khamada,3,6,2015.10.28 07:56:41.941,rme02,19,sat_37834.0111.fits,111
sat_37834.0112.ast,320.586,285.784,0,1,40882,khamada,4,6,2015.10.28 07:56:48.558,rme02,19,sat_37834.0112.fits,112
sat_37834.0112.ast,164.047,228.109,0,1,37834,khamada,4,6,2015.10.28 07:56:48.558,rme02,19,sat_37834.0112.fits,112
sat_37834.0112.ast,322.5056980057,288.2264957265,1,0,0,khamada,4,6,2015.10.28 07:56:48.558,rme02,19,sat_37834.0112.fits,112
sat_37834.0113.ast,319.5883190883,288.2264957265,1,0,0,khamada,5,6,2015.10.28 07:56:55.298,rme02,19,sat_37834.0113.fits,113
sat_37834.0114.ast,324.6937321937,286.0384615385,1,0,0,khamada,6,6,2015.10.28 07:57:01.945,rme02,19,sat_37834.0114.fits,114
sat_37834.0115.ast,321.086,284.432,0,1,40882,khamada,1,6,2015.10.28 08:01:42.478,rme02,20,sat_37834.0115.fits,115
sat_37834.0115.ast,319.5883190883,283.1210826211,1,0,0,khamada,1,6,2015.10.28 08:01:42.478,rme02,20,sat_37834.0115.fits,115
sat_37834.0116.ast,320.993,284.825,0,1,40882,khamada,2,6,2015.10.28 08:01:49.051,rme02,20,sat_37834.0116.fits,116
sat_37834.0116.ast,332.062,402.004,0,1,37834,khamada,2,6,2015.10.28 08:01:49.051,rme02,20,sat_37834.0116.fits,116
sat_37834.0116.ast,321.047008547,285.3091168091,1,0,0,khamada,2,6,2015.10.28 08:01:49.051,rme02,20,sat_37834.0116.fits,116
sat_37834.0117.ast,321.078,285.197,0,1,40882,khamada,3,6,2015.10.28 08:01:55.537,rme02,20,sat_37834.0117.fits,117
sat_37834.0117.ast,331.988,401.964,0,1,37834,khamada,3,6,2015.10.28 08:01:55.537,rme02,20,sat_37834.0117.fits,117
sat_37834.0117.ast,323.9643874644,286.7678062678,1,0,0,khamada,3,6,2015.10.28 08:01:55.537,rme02,20,sat_37834.0117.fits,117
sat_37834.0118.ast,321.109,285.275,0,1,40882,khamada,4,6,2015.10.28 08:02:02.216,rme02,20,sat_37834.0118.fits,118
sat_37834.0118.ast,331.947,401.91,0,1,37834,khamada,4,6,2015.10.28 08:02:02.216,rme02,20,sat_37834.0118.fits,118
sat_37834.0118.ast,324.6937321937,286.0384615385,1,0,0,khamada,4,6,2015.10.28 08:02:02.216,rme02,20,sat_37834.0118.fits,118
sat_37834.0119.ast,321.156,285.45,0,1,40882,khamada,5,6,2015.10.28 08:02:09.026,rme02,20,sat_37834.0119.fits,119
sat_37834.0119.ast,332.025,401.966,0,1,37834,khamada,5,6,2015.10.28 08:02:09.026,rme02,20,sat_37834.0119.fits,119
sat_37834.0119.ast,321.7763532764,286.7678062678,1,0,0,khamada,5,6,2015.10.28 08:02:09.026,rme02,20,sat_37834.0119.fits,119
sat_37834.0120.ast,320.778,285.37,0,1,40882,khamada,6,6,2015.10.28 08:02:16.038,rme02,20,sat_37834.0120.fits,120
sat_37834.0120.ast,321.7763532764,286.0384615385,1,0,0,khamada,6,6,2015.10.28 08:02:16.038,rme02,20,sat_37834.0120.fits,120
sat_37834.0121.ast,321.359,283.685,1,1,37834,khamada,1,6,2015.10.28 08:16:01.115,rme02,21,sat_37834.0121.fits,121
sat_37834.0121.ast,164.003,228.092,0,1,40882,khamada,1,6,2015.10.28 08:16:01.115,rme02,21,sat_37834.0121.fits,121
sat_37834.0122.ast,321.307,284.003,1,1,37834,khamada,2,6,2015.10.28 08:16:07.854,rme02,21,sat_37834.0122.fits,122
sat_37834.0122.ast,164.032,228.064,0,1,40882,khamada,2,6,2015.10.28 08:16:07.854,rme02,21,sat_37834.0122.fits,122
sat_37834.0123.ast,321.523,284.239,1,1,37834,khamada,3,6,2015.10.28 08:16:14.441,rme02,21,sat_37834.0123.fits,123
sat_37834.0124.ast,321.313,284.292,1,1,37834,khamada,4,6,2015.10.28 08:16:21.092,rme02,21,sat_37834.0124.fits,124
sat_37834.0124.ast,164.022,228.111,0,1,40882,khamada,4,6,2015.10.28 08:16:21.092,rme02,21,sat_37834.0124.fits,124
sat_37834.0125.ast,321.394,284.319,1,1,37834,khamada,5,6,2015.10.28 08:16:27.831,rme02,21,sat_37834.0125.fits,125
sat_37834.0125.ast,163.97,228.058,0,1,40882,khamada,5,6,2015.10.28 08:16:27.831,rme02,21,sat_37834.0125.fits,125
sat_37834.0126.ast,321.334,284.373,1,1,37834,khamada,6,6,2015.10.28 08:16:34.381,rme02,21,sat_37834.0126.fits,126
sat_37834.0126.ast,163.989,228.11,0,1,40882,khamada,6,6,2015.10.28 08:16:34.381,rme02,21,sat_37834.0126.fits,126
sat_37834.0127.ast,320.3176638177,283.1210826211,1,0,0,khamada,1,6,2015.10.28 08:21:16.623,rme02,22,sat_37834.0127.fits,127
sat_37834.0128.ast,320.3176638177,286.0384615385,1,0,0,khamada,2,6,2015.10.28 08:21:23.192,rme02,22,sat_37834.0128.fits,128
sat_37834.0129.ast,323.235042735,286.0384615385,1,0,0,khamada,3,6,2015.10.28 08:21:29.876,rme02,22,sat_37834.0129.fits,129
sat_37834.0130.ast,319.5883190883,285.3091168091,1,0,0,khamada,4,6,2015.10.28 08:21:36.555,rme02,22,sat_37834.0130.fits,130
sat_37834.0131.ast,322.5056980057,281.6623931624,1,0,0,khamada,5,6,2015.10.28 08:21:43.231,rme02,22,sat_37834.0131.fits,131
sat_37834.0132.ast,326.8817663818,285.3091168091,1,0,0,khamada,6,6,2015.10.28 08:21:49.825,rme02,22,sat_37834.0132.fits,132
sat_37834.0133.ast,323.235042735,283.1210826211,1,0,0,khamada,1,6,2015.10.28 08:34:47.910,rme02,23,sat_37834.0133.fits,133
sat_37834.0134.ast,321.7763532764,280.933048433,1,0,0,khamada,2,6,2015.10.28 08:34:54.560,rme02,23,sat_37834.0134.fits,134
sat_37834.0135.ast,323.235042735,285.3091168091,1,0,0,khamada,3,6,2015.10.28 08:35:01.170,rme02,23,sat_37834.0135.fits,135
sat_37834.0136.ast,325.4230769231,285.3091168091,1,0,0,khamada,4,6,2015.10.28 08:35:07.856,rme02,23,sat_37834.0136.fits,136
sat_37834.0137.ast,323.235042735,284.5797720798,1,0,0,khamada,5,6,2015.10.28 08:35:14.566,rme02,23,sat_37834.0137.fits,137
sat_37834.0138.ast,322.5056980057,282.3917378917,1,0,0,khamada,6,6,2015.10.28 08:35:21.164,rme02,23,sat_37834.0138.fits,138
sat_37834.0139.ast,322.853,282.65,1,1,37834,khamada,1,6,2015.10.28 08:40:02.506,rme02,24,sat_37834.0139.fits,139
sat_37834.0139.ast,164,228.099,0,1,40882,khamada,1,6,2015.10.28 08:40:02.506,rme02,24,sat_37834.0139.fits,139
sat_37834.0140.ast,322.606,283.079,1,1,37834,khamada,2,6,2015.10.28 08:40:09.137,rme02,24,sat_37834.0140.fits,140
sat_37834.0140.ast,164.032,228.103,0,1,40882,khamada,2,6,2015.10.28 08:40:09.137,rme02,24,sat_37834.0140.fits,140
sat_37834.0141.ast,322.486,283.05,1,1,37834,khamada,3,6,2015.10.28 08:40:15.824,rme02,24,sat_37834.0141.fits,141
sat_37834.0141.ast,164.04,228.119,0,1,40882,khamada,3,6,2015.10.28 08:40:15.824,rme02,24,sat_37834.0141.fits,141
sat_37834.0142.ast,322.63,283.38,1,1,37834,khamada,4,6,2015.10.28 08:40:22.610,rme02,24,sat_37834.0142.fits,142
sat_37834.0143.ast,322.829,283.35,1,1,37834,khamada,5,6,2015.10.28 08:40:29.399,rme02,24,sat_37834.0143.fits,143
sat_37834.0143.ast,164.012,228.084,0,1,40882,khamada,5,6,2015.10.28 08:40:29.399,rme02,24,sat_37834.0143.fits,143
sat_37834.0144.ast,322.866,283.668,1,1,37834,khamada,6,6,2015.10.28 08:40:35.986,rme02,24,sat_37834.0144.fits,144
sat_37834.0144.ast,164.046,228.074,0,1,40882,khamada,6,6,2015.10.28 08:40:35.986,rme02,24,sat_37834.0144.fits,144
sat_37834.0145.ast,323.774,281.64,1,1,37834,khamada,1,6,2015.10.28 08:54:27.574,rme02,25,sat_37834.0145.fits,145
sat_37834.0145.ast,164.016,228.106,0,1,40882,khamada,1,6,2015.10.28 08:54:27.574,rme02,25,sat_37834.0145.fits,145
sat_37834.0146.ast,323.505,281.912,1,1,37834,khamada,2,6,2015.10.28 08:54:34.192,rme02,25,sat_37834.0146.fits,146
sat_37834.0146.ast,164.013,228.08,0,1,40882,khamada,2,6,2015.10.28 08:54:34.192,rme02,25,sat_37834.0146.fits,146
sat_37834.0147.ast,323.656,282.35,1,1,37834,khamada,3,6,2015.10.28 08:54:40.787,rme02,25,sat_37834.0147.fits,147
sat_37834.0147.ast,163.981,228.07,0,1,40882,khamada,3,6,2015.10.28 08:54:40.787,rme02,25,sat_37834.0147.fits,147
sat_37834.0148.ast,323.589,282.282,1,1,37834,khamada,4,6,2015.10.28 08:54:47.352,rme02,25,sat_37834.0148.fits,148
sat_37834.0148.ast,164.002,228.078,0,1,40882,khamada,4,6,2015.10.28 08:54:47.352,rme02,25,sat_37834.0148.fits,148
sat_37834.0149.ast,323.751,282.4,1,1,37834,khamada,5,6,2015.10.28 08:54:53.966,rme02,25,sat_37834.0149.fits,149
sat_37834.0149.ast,164.032,228.137,0,1,40882,khamada,5,6,2015.10.28 08:54:53.966,rme02,25,sat_37834.0149.fits,149
sat_37834.0150.ast,323.503,282.481,1,1,37834,khamada,6,6,2015.10.28 08:55:00.799,rme02,25,sat_37834.0150.fits,150
sat_37834.0150.ast,164.008,228.059,0,1,40882,khamada,6,6,2015.10.28 08:55:00.799,rme02,25,sat_37834.0150.fits,150
sat_37834.0151.ast,323.36,281.838,1,1,37834,khamada,1,6,2015.10.28 08:59:40.507,rme02,26,sat_37834.0151.fits,151
sat_37834.0152.ast,323.555,282.447,1,1,37834,khamada,2,6,2015.10.28 08:59:47.272,rme02,26,sat_37834.0152.fits,152
sat_37834.0152.ast,164.025,228.084,0,1,40882,khamada,2,6,2015.10.28 08:59:47.272,rme02,26,sat_37834.0152.fits,152
sat_37834.0153.ast,323.471,282.517,1,1,37834,khamada,3,6,2015.10.28 08:59:54.059,rme02,26,sat_37834.0153.fits,153
sat_37834.0153.ast,163.997,228.095,0,1,40882,khamada,3,6,2015.10.28 08:59:54.059,rme02,26,sat_37834.0153.fits,153
sat_37834.0154.ast,323.569,282.348,1,1,37834,khamada,4,6,2015.10.28 09:00:00.720,rme02,26,sat_37834.0154.fits,154
sat_37834.0155.ast,323.429,282.896,1,1,37834,khamada,5,6,2015.10.28 09:00:07.414,rme02,26,sat_37834.0155.fits,155
sat_37834.0155.ast,164.011,228.128,0,1,40882,khamada,5,6,2015.10.28 09:00:07.414,rme02,26,sat_37834.0155.fits,155
sat_37834.0156.ast,323.62,282.9,1,1,37834,khamada,6,6,2015.10.28 09:00:13.999,rme02,26,sat_37834.0156.fits,156
sat_37834.0156.ast,163.996,228.113,0,1,40882,khamada,6,6,2015.10.28 09:00:13.999,rme02,26,sat_37834.0156.fits,156
sat_37834.0157.ast,324.818,282.59,1,1,37834,khamada,1,6,2015.10.28 09:13:08.362,rme02,27,sat_37834.0157.fits,157
sat_37834.0157.ast,164.012,228.051,0,1,40882,khamada,1,6,2015.10.28 09:13:08.362,rme02,27,sat_37834.0157.fits,157
sat_37834.0158.ast,324.847,282.676,1,1,37834,khamada,2,6,2015.10.28 09:13:14.959,rme02,27,sat_37834.0158.fits,158
sat_37834.0159.ast,324.663,282.831,1,1,37834,khamada,3,6,2015.10.28 09:13:21.951,rme02,27,sat_37834.0159.fits,159
sat_37834.0159.ast,163.977,228.113,0,1,40882,khamada,3,6,2015.10.28 09:13:21.951,rme02,27,sat_37834.0159.fits,159
sat_37834.0160.ast,324.961,282.929,1,1,37834,khamada,4,6,2015.10.28 09:13:28.561,rme02,27,sat_37834.0160.fits,160
sat_37834.0160.ast,163.976,228.083,0,1,40882,khamada,4,6,2015.10.28 09:13:28.561,rme02,27,sat_37834.0160.fits,160
sat_37834.0161.ast,326.8817663818,284.5797720798,1,0,0,khamada,5,6,2015.10.28 09:13:35.500,rme02,27,sat_37834.0161.fits,161
sat_37834.0162.ast,325.098,283.023,1,1,37834,khamada,6,6,2015.10.28 09:13:42.051,rme02,27,sat_37834.0162.fits,162
sat_37834.0162.ast,163.989,228.056,0,1,40882,khamada,6,6,2015.10.28 09:13:42.051,rme02,27,sat_37834.0162.fits,162
sat_37834.0163.ast,327.6111111111,280.933048433,1,0,0,khamada,1,6,2015.10.28 09:18:25.593,rme02,28,sat_37834.0163.fits,163
sat_37834.0164.ast,324.6937321937,280.933048433,1,0,0,khamada,2,6,2015.10.28 09:18:32.314,rme02,28,sat_37834.0164.fits,164
sat_37834.0165.ast,325.4230769231,280.2037037037,1,0,0,khamada,3,6,2015.10.28 09:18:38.955,rme02,28,sat_37834.0165.fits,165
sat_37834.0166.ast,323.9643874644,281.6623931624,1,0,0,khamada,4,6,2015.10.28 09:18:45.629,rme02,28,sat_37834.0166.fits,166
sat_37834.0167.ast,326.1524216524,280.933048433,1,0,0,khamada,5,6,2015.10.28 09:18:52.172,rme02,28,sat_37834.0167.fits,167
sat_37834.0168.ast,326.1524216524,280.933048433,1,0,0,khamada,6,6,2015.10.28 09:18:58.700,rme02,28,sat_37834.0168.fits,168
sat_37834.0169.ast,325.4230769231,281.6623931624,1,0,0,khamada,1,6,2015.10.28 09:32:04.116,rme02,29,sat_37834.0169.fits,169
sat_37834.0170.ast,326.8817663818,281.6623931624,1,0,0,khamada,2,6,2015.10.28 09:32:10.741,rme02,29,sat_37834.0170.fits,170
sat_37834.0171.ast,326.1524216524,281.6623931624,1,0,0,khamada,3,6,2015.10.28 09:32:17.422,rme02,29,sat_37834.0171.fits,171
sat_37834.0172.ast,326.1524216524,282.3917378917,1,0,0,khamada,4,6,2015.10.28 09:32:24.073,rme02,29,sat_37834.0172.fits,172
sat_37834.0173.ast,326.8817663818,280.933048433,1,0,0,khamada,5,6,2015.10.28 09:32:30.861,rme02,29,sat_37834.0173.fits,173
sat_37834.0174.ast,325.4230769231,286.0384615385,1,0,0,khamada,6,6,2015.10.28 09:32:37.455,rme02,29,sat_37834.0174.fits,174
sat_37834.0175.ast,325.4230769231,282.3917378917,1,0,0,khamada,1,6,2015.10.28 09:37:20.652,rme02,30,sat_37834.0175.fits,175
sat_37834.0176.ast,322.5056980057,280.933048433,1,0,0,khamada,2,6,2015.10.28 09:37:27.316,rme02,30,sat_37834.0176.fits,176
sat_37834.0177.ast,324.6937321937,281.6623931624,1,0,0,khamada,3,6,2015.10.28 09:37:33.983,rme02,30,sat_37834.0177.fits,177
sat_37834.0178.ast,323.235042735,278.0156695157,1,0,0,khamada,4,6,2015.10.28 09:37:40.715,rme02,30,sat_37834.0178.fits,178
sat_37834.0179.ast,325.4230769231,282.3917378917,1,0,0,khamada,5,6,2015.10.28 09:37:47.340,rme02,30,sat_37834.0179.fits,179
sat_37834.0180.ast,328.3404558405,281.6623931624,1,0,0,khamada,6,6,2015.10.28 09:37:53.892,rme02,30,sat_37834.0180.fits,180
sat_37834.0181.ast,329.0698005698,280.933048433,1,0,0,khamada,1,6,2015.10.28 09:51:56.783,rme02,31,sat_37834.0181.fits,181
sat_37834.0182.ast,324.6937321937,280.933048433,1,0,0,khamada,2,6,2015.10.28 09:52:03.359,rme02,31,sat_37834.0182.fits,182
sat_37834.0183.ast,327.6111111111,278.0156695157,1,0,0,khamada,3,6,2015.10.28 09:52:09.979,rme02,31,sat_37834.0183.fits,183
sat_37834.0184.ast,329.0698005698,280.933048433,1,0,0,khamada,4,6,2015.10.28 09:52:16.514,rme02,31,sat_37834.0184.fits,184
sat_37834.0185.ast,325.4230769231,281.6623931624,1,0,0,khamada,5,6,2015.10.28 09:52:23.174,rme02,31,sat_37834.0185.fits,185
sat_37834.0186.ast,326.8817663818,279.4743589744,1,0,0,khamada,6,6,2015.10.28 09:52:29.759,rme02,31,sat_37834.0186.fits,186
sat_37834.0187.ast,329.0698005698,280.933048433,1,0,0,khamada,1,6,2015.10.28 09:57:11.540,rme02,32,sat_37834.0187.fits,187
sat_37834.0188.ast,328.3404558405,278.0156695157,1,0,0,khamada,2,6,2015.10.28 09:57:18.135,rme02,32,sat_37834.0188.fits,188
sat_37834.0189.ast,327.6111111111,280.933048433,1,0,0,khamada,3,6,2015.10.28 09:57:24.842,rme02,32,sat_37834.0189.fits,189
sat_37834.0190.ast,325.4230769231,278.0156695157,1,0,0,khamada,4,6,2015.10.28 09:57:31.443,rme02,32,sat_37834.0190.fits,190
sat_37834.0191.ast,324.6937321937,281.6623931624,1,0,0,khamada,5,6,2015.10.28 09:57:38.049,rme02,32,sat_37834.0191.fits,191
sat_37834.0192.ast,327.6111111111,282.3917378917,1,0,0,khamada,6,6,2015.10.28 09:57:44.987,rme02,32,sat_37834.0192.fits,192
sat_37834.0193.ast,326.8817663818,278.0156695157,1,0,0,khamada,1,6,2015.10.28 10:10:33.368,rme02,33,sat_37834.0193.fits,193
sat_37834.0194.ast,324.6937321937,280.933048433,1,0,0,khamada,2,6,2015.10.28 10:10:40.014,rme02,33,sat_37834.0194.fits,194
sat_37834.0195.ast,329.7991452991,282.3917378917,1,0,0,khamada,3,6,2015.10.28 10:10:46.828,rme02,33,sat_37834.0195.fits,195
sat_37834.0196.ast,326.8817663818,280.933048433,1,0,0,khamada,4,6,2015.10.28 10:10:53.809,rme02,33,sat_37834.0196.fits,196
sat_37834.0197.ast,325.4230769231,279.4743589744,1,0,0,khamada,5,6,2015.10.28 10:11:00.455,rme02,33,sat_37834.0197.fits,197
sat_37834.0198.ast,325.4230769231,280.2037037037,1,0,0,khamada,6,6,2015.10.28 10:11:07.084,rme02,33,sat_37834.0198.fits,198
sat_37834.0199.ast,326.1524216524,278.0156695157,1,0,0,khamada,1,6,2015.10.28 10:15:49.684,rme02,34,sat_37834.0199.fits,199
sat_37834.0200.ast,325.4230769231,279.4743589744,1,0,0,khamada,2,6,2015.10.28 10:15:56.405,rme02,34,sat_37834.0200.fits,200
sat_37834.0201.ast,326.1524216524,278.0156695157,1,0,0,khamada,3,6,2015.10.28 10:16:03.130,rme02,34,sat_37834.0201.fits,201
sat_37834.0202.ast,329.7991452991,280.933048433,1,0,0,khamada,4,6,2015.10.28 10:16:09.797,rme02,34,sat_37834.0202.fits,202
sat_37834.0203.ast,326.8817663818,280.2037037037,1,0,0,khamada,5,6,2015.10.28 10:16:16.561,rme02,34,sat_37834.0203.fits,203
sat_37834.0204.ast,329.0698005698,280.933048433,1,0,0,khamada,6,6,2015.10.28 10:16:23.172,rme02,34,sat_37834.0204.fits,204
sat_37834.0205.ast,326.8817663818,275.8276353276,1,0,0,khamada,1,6,2015.10.28 10:29:28.016,rme02,35,sat_37834.0205.fits,205
sat_37834.0206.ast,327.6111111111,280.933048433,1,0,0,khamada,2,6,2015.10.28 10:29:34.991,rme02,35,sat_37834.0206.fits,206
sat_37834.0207.ast,330.5284900285,277.2863247863,1,0,0,khamada,3,6,2015.10.28 10:29:41.488,rme02,35,sat_37834.0207.fits,207
sat_37834.0208.ast,330.5284900285,275.0982905983,1,0,0,khamada,4,6,2015.10.28 10:29:48.128,rme02,35,sat_37834.0208.fits,208
sat_37834.0209.ast,330.5284900285,278.0156695157,1,0,0,khamada,5,6,2015.10.28 10:29:54.750,rme02,35,sat_37834.0209.fits,209
sat_37834.0210.ast,329.0698005698,280.2037037037,1,0,0,khamada,6,6,2015.10.28 10:30:01.518,rme02,35,sat_37834.0210.fits,210
sat_37834.0211.ast,329.0698005698,280.933048433,1,0,0,khamada,1,6,2015.10.28 10:36:00.036,rme02,36,sat_37834.0211.fits,211
sat_37834.0212.ast,328.241,277.088,1,1,37834,khamada,2,6,2015.10.28 10:36:06.717,rme02,36,sat_37834.0212.fits,212
sat_37834.0213.ast,328.266,276.911,1,1,37834,khamada,3,6,2015.10.28 10:36:13.440,rme02,36,sat_37834.0213.fits,213
sat_37834.0214.ast,328.159,276.911,1,1,37834,khamada,4,6,2015.10.28 10:36:20.161,rme02,36,sat_37834.0214.fits,214
sat_37834.0215.ast,328.444,276.927,1,1,37834,khamada,5,6,2015.10.28 10:36:26.691,rme02,36,sat_37834.0215.fits,215
sat_37834.0216.ast,328.337,276.788,1,1,37834,khamada,6,6,2015.10.28 10:36:33.340,rme02,36,sat_37834.0216.fits,216
sat_37834.0217.ast,325.4230769231,281.6623931624,1,0,0,khamada,1,6,2015.10.28 10:48:44.840,rme02,37,sat_37834.0217.fits,217
sat_37834.0218.ast,326.1524216524,279.4743589744,1,0,0,khamada,2,6,2015.10.28 10:48:51.487,rme02,37,sat_37834.0218.fits,218
sat_37834.0219.ast,330.5284900285,277.2863247863,1,0,0,khamada,3,6,2015.10.28 10:48:58.088,rme02,37,sat_37834.0219.fits,219
sat_37834.0220.ast,328.3404558405,280.933048433,1,0,0,khamada,4,6,2015.10.28 10:49:04.773,rme02,37,sat_37834.0220.fits,220
sat_37834.0221.ast,326.8817663818,281.6623931624,1,0,0,khamada,5,6,2015.10.28 10:49:11.353,rme02,37,sat_37834.0221.fits,221
sat_37834.0222.ast,328.3404558405,276.556980057,1,0,0,khamada,6,6,2015.10.28 10:49:18.030,rme02,37,sat_37834.0222.fits,222
sat_37834.0223.ast,329.0698005698,277.2863247863,1,0,0,khamada,1,6,2015.10.28 10:54:02.020,rme02,38,sat_37834.0223.fits,223
sat_37834.0224.ast,326.1524216524,275.0982905983,1,0,0,khamada,2,6,2015.10.28 10:54:08.606,rme02,38,sat_37834.0224.fits,224
sat_37834.0225.ast,327.6111111111,277.2863247863,1,0,0,khamada,3,6,2015.10.28 10:54:15.186,rme02,38,sat_37834.0225.fits,225
sat_37834.0226.ast,332.7165242165,276.556980057,1,0,0,khamada,4,6,2015.10.28 10:54:21.747,rme02,38,sat_37834.0226.fits,226
sat_37834.0227.ast,331.2578347578,275.0982905983,1,0,0,khamada,5,6,2015.10.28 10:54:28.290,rme02,38,sat_37834.0227.fits,227
sat_37834.0228.ast,329.0698005698,280.933048433,1,0,0,khamada,6,6,2015.10.28 10:54:34.873,rme02,38,sat_37834.0228.fits,228
sat_37834.0229.ast,327.6111111111,272.9102564103,1,0,0,khamada,1,6,2015.10.28 11:08:09.377,rme02,39,sat_37834.0229.fits,229
sat_37834.0230.ast,333.4458689459,276.556980057,1,0,0,khamada,2,6,2015.10.28 11:08:16.118,rme02,39,sat_37834.0230.fits,230
sat_37834.0231.ast,328.3404558405,280.2037037037,1,0,0,khamada,3,6,2015.10.28 11:08:22.788,rme02,39,sat_37834.0231.fits,231
sat_37834.0232.ast,331.9871794872,278.0156695157,1,0,0,khamada,4,6,2015.10.28 11:08:29.513,rme02,39,sat_37834.0232.fits,232
sat_37834.0233.ast,329.0698005698,276.556980057,1,0,0,khamada,5,6,2015.10.28 11:08:36.186,rme02,39,sat_37834.0233.fits,233
sat_37834.0234.ast,328.3404558405,277.2863247863,1,0,0,khamada,6,6,2015.10.28 11:08:42.839,rme02,39,sat_37834.0234.fits,234
sat_37834.0235.ast,329.511,273.668,1,1,37834,khamada,1,6,2015.10.28 11:13:26.671,rme02,40,sat_37834.0235.fits,235
sat_37834.0236.ast,329.448,274.504,1,1,37834,khamada,2,6,2015.10.28 11:13:33.245,rme02,40,sat_37834.0236.fits,236
sat_37834.0237.ast,329.63,274.283,1,1,37834,khamada,3,6,2015.10.28 11:13:39.904,rme02,40,sat_37834.0237.fits,237
sat_37834.0238.ast,329.606,274.281,1,1,37834,khamada,4,6,2015.10.28 11:13:46.729,rme02,40,sat_37834.0238.fits,238
sat_37834.0239.ast,330.056,274.351,1,1,37834,khamada,5,6,2015.10.28 11:13:53.288,rme02,40,sat_37834.0239.fits,239
sat_37834.0240.ast,333.4458689459,276.556980057,1,0,0,khamada,6,6,2015.10.28 11:13:59.952,rme02,40,sat_37834.0240.fits,240
sat_37834.0241.ast,331.2578347578,271.4515669516,1,0,0,khamada,1,6,2015.10.28 11:27:17.919,rme02,41,sat_37834.0241.fits,241
sat_37834.0242.ast,329.576,273.559,1,1,37834,khamada,2,6,2015.10.28 11:27:24.604,rme02,41,sat_37834.0242.fits,242
sat_37834.0243.ast,329.655,273.92,1,1,37834,khamada,3,6,2015.10.28 11:27:31.185,rme02,41,sat_37834.0243.fits,243
sat_37834.0244.ast,329.527,274.129,1,1,37834,khamada,4,6,2015.10.28 11:27:38.004,rme02,41,sat_37834.0244.fits,244
sat_37834.0245.ast,329.76,274.03,1,1,37834,khamada,5,6,2015.10.28 11:27:44.642,rme02,41,sat_37834.0245.fits,245
sat_37834.0246.ast,329.586,274.068,1,1,37834,khamada,6,6,2015.10.28 11:27:51.261,rme02,41,sat_37834.0246.fits,246
sat_37834.0247.ast,329.0698005698,275.0982905983,1,0,0,khamada,1,6,2015.10.28 11:32:34.245,rme02,42,sat_37834.0247.fits,247
sat_37834.0248.ast,329.397,273.191,1,1,37834,khamada,2,6,2015.10.28 11:32:40.857,rme02,42,sat_37834.0248.fits,248
sat_37834.0249.ast,329.426,273.231,1,1,37834,khamada,3,6,2015.10.28 11:32:47.599,rme02,42,sat_37834.0249.fits,249
sat_37834.0250.ast,329.654,273.286,1,1,37834,khamada,4,6,2015.10.28 11:32:54.252,rme02,42,sat_37834.0250.fits,250
sat_37834.0251.ast,329.658,273.452,1,1,37834,khamada,5,6,2015.10.28 11:33:00.965,rme02,42,sat_37834.0251.fits,251
sat_37834.0252.ast,329.7991452991,275.8276353276,1,0,0,khamada,6,6,2015.10.28 11:33:07.779,rme02,42,sat_37834.0252.fits,252
sat_37834.0253.ast,327.6111111111,272.1809116809,1,0,0,khamada,1,6,2015.10.28 11:46:44.767,rme02,43,sat_37834.0253.fits,253
sat_37834.0254.ast,332.7165242165,269.9928774929,1,0,0,khamada,2,6,2015.10.28 11:46:51.382,rme02,43,sat_37834.0254.fits,254
sat_37834.0255.ast,331.9871794872,270.7222222222,1,0,0,khamada,3,6,2015.10.28 11:46:58.015,rme02,43,sat_37834.0255.fits,255
sat_37834.0256.ast,334.1752136752,272.9102564103,1,0,0,khamada,4,6,2015.10.28 11:47:04.603,rme02,43,sat_37834.0256.fits,256
sat_37834.0257.ast,329.0698005698,274.3689458689,1,0,0,khamada,5,6,2015.10.28 11:47:11.228,rme02,43,sat_37834.0257.fits,257
sat_37834.0258.ast,329.7991452991,272.1809116809,1,0,0,khamada,6,6,2015.10.28 11:47:17.879,rme02,43,sat_37834.0258.fits,258
sat_37834.0259.ast,334.1752136752,271.4515669516,1,0,0,khamada,1,6,2015.10.28 11:51:59.958,rme02,44,sat_37834.0259.fits,259
sat_37834.0260.ast,331.9871794872,272.9102564103,1,0,0,khamada,2,6,2015.10.28 11:52:06.838,rme02,44,sat_37834.0260.fits,260
sat_37834.0261.ast,333.4458689459,274.3689458689,1,0,0,khamada,3,6,2015.10.28 11:52:13.577,rme02,44,sat_37834.0261.fits,261
sat_37834.0262.ast,331.9871794872,271.4515669516,1,0,0,khamada,4,6,2015.10.28 11:52:20.280,rme02,44,sat_37834.0262.fits,262
sat_37834.0263.ast,331.9871794872,271.4515669516,1,0,0,khamada,5,6,2015.10.28 11:52:26.741,rme02,44,sat_37834.0263.fits,263
sat_37834.0264.ast,331.9871794872,271.4515669516,1,0,0,khamada,6,6,2015.10.28 11:52:33.553,rme02,44,sat_37834.0264.fits,264
sat_37834.0265.ast,328.3404558405,271.4515669516,1,0,0,khamada,1,6,2015.10.28 12:05:46.309,rme02,45,sat_37834.0265.fits,265
sat_37834.0266.ast,330.5284900285,272.9102564103,1,0,0,khamada,2,6,2015.10.28 12:05:52.986,rme02,45,sat_37834.0266.fits,266
sat_37834.0267.ast,332.7165242165,272.9102564103,1,0,0,khamada,3,6,2015.10.28 12:05:59.685,rme02,45,sat_37834.0267.fits,267
sat_37834.0268.ast,331.2578347578,277.2863247863,1,0,0,khamada,4,6,2015.10.28 12:06:06.368,rme02,45,sat_37834.0268.fits,268
sat_37834.0269.ast,329.7991452991,271.4515669516,1,0,0,khamada,5,6,2015.10.28 12:06:12.959,rme02,45,sat_37834.0269.fits,269
sat_37834.0270.ast,329.0698005698,270.7222222222,1,0,0,khamada,6,6,2015.10.28 12:06:19.570,rme02,45,sat_37834.0270.fits,270
sat_37834.0271.ast,334.1752136752,269.9928774929,1,0,0,khamada,1,6,2015.10.28 12:11:03.526,rme02,46,sat_37834.0271.fits,271
sat_37834.0272.ast,331.2578347578,272.1809116809,1,0,0,khamada,2,6,2015.10.28 12:11:10.152,rme02,46,sat_37834.0272.fits,272
sat_37834.0273.ast,332.7165242165,271.4515669516,1,0,0,khamada,3,6,2015.10.28 12:11:16.668,rme02,46,sat_37834.0273.fits,273
sat_37834.0274.ast,333.4458689459,271.4515669516,1,0,0,khamada,4,6,2015.10.28 12:11:23.738,rme02,46,sat_37834.0274.fits,274
sat_37834.0275.ast,331.9871794872,267.0754985755,1,0,0,khamada,5,6,2015.10.28 12:11:30.738,rme02,46,sat_37834.0275.fits,275
sat_37834.0276.ast,329.0698005698,270.7222222222,1,0,0,khamada,6,6,2015.10.28 12:11:37.402,rme02,46,sat_37834.0276.fits,276
sat_37834.0277.ast,332.7165242165,270.7222222222,1,0,0,khamada,1,6,2015.10.28 12:24:53.736,rme02,47,sat_37834.0277.fits,277
sat_37834.0278.ast,329.7991452991,272.9102564103,1,0,0,khamada,2,6,2015.10.28 12:25:00.422,rme02,47,sat_37834.0278.fits,278
sat_37834.0279.ast,329.7991452991,270.7222222222,1,0,0,khamada,3,6,2015.10.28 12:25:07.032,rme02,47,sat_37834.0279.fits,279
sat_37834.0280.ast,330.5284900285,272.1809116809,1,0,0,khamada,4,6,2015.10.28 12:25:13.628,rme02,47,sat_37834.0280.fits,280
sat_37834.0281.ast,332.7165242165,274.3689458689,1,0,0,khamada,5,6,2015.10.28 12:25:20.527,rme02,47,sat_37834.0281.fits,281
sat_37834.0282.ast,329.7991452991,274.3689458689,1,0,0,khamada,6,6,2015.10.28 12:25:27.133,rme02,47,sat_37834.0282.fits,282
sat_37834.0283.ast,333.4458689459,266.3461538462,1,0,0,khamada,1,6,2015.10.28 12:30:11.045,rme02,48,sat_37834.0283.fits,283
sat_37834.0284.ast,329.0698005698,270.7222222222,1,0,0,khamada,2,6,2015.10.28 12:30:17.655,rme02,48,sat_37834.0284.fits,284
sat_37834.0285.ast,331.9871794872,268.5341880342,1,0,0,khamada,3,6,2015.10.28 12:30:24.418,rme02,48,sat_37834.0285.fits,285
sat_37834.0286.ast,329.0698005698,271.4515669516,1,0,0,khamada,4,6,2015.10.28 12:30:31.032,rme02,48,sat_37834.0286.fits,286
sat_37834.0287.ast,332.7165242165,271.4515669516,1,0,0,khamada,5,6,2015.10.28 12:30:37.697,rme02,48,sat_37834.0287.fits,287
sat_37834.0288.ast,327.6111111111,271.4515669516,1,0,0,khamada,6,6,2015.10.28 12:30:44.423,rme02,48,sat_37834.0288.fits,288
sat_37834.0289.ast,332.7165242165,268.5341880342,1,0,0,khamada,1,6,2015.10.28 12:44:49.406,rme02,49,sat_37834.0289.fits,289
sat_37834.0290.ast,329.0698005698,269.9928774929,1,0,0,khamada,2,6,2015.10.28 12:44:55.954,rme02,49,sat_37834.0290.fits,290
sat_37834.0291.ast,328.3404558405,267.8048433048,1,0,0,khamada,3,6,2015.10.28 12:45:02.618,rme02,49,sat_37834.0291.fits,291
sat_37834.0292.ast,331.9871794872,266.3461538462,1,0,0,khamada,4,6,2015.10.28 12:45:09.569,rme02,49,sat_37834.0292.fits,292
sat_37834.0293.ast,331.9871794872,267.0754985755,1,0,0,khamada,5,6,2015.10.28 12:45:16.271,rme02,49,sat_37834.0293.fits,293
sat_37834.0294.ast,332.7165242165,267.0754985755,1,0,0,khamada,6,6,2015.10.28 12:45:22.855,rme02,49,sat_37834.0294.fits,294
sat_37834.0295.ast,332.7165242165,267.0754985755,1,0,0,khamada,1,6,2015.10.28 12:50:05.249,rme02,50,sat_37834.0295.fits,295
sat_37834.0296.ast,334.9045584046,266.3461538462,1,0,0,khamada,2,6,2015.10.28 12:50:12.019,rme02,50,sat_37834.0296.fits,296
sat_37834.0297.ast,331.2578347578,268.5341880342,1,0,0,khamada,3,6,2015.10.28 12:50:18.657,rme02,50,sat_37834.0297.fits,297
sat_37834.0298.ast,331.2578347578,266.3461538462,1,0,0,khamada,4,6,2015.10.28 12:50:25.296,rme02,50,sat_37834.0298.fits,298
sat_37834.0299.ast,330.5284900285,268.5341880342,1,0,0,khamada,5,6,2015.10.28 12:50:31.853,rme02,50,sat_37834.0299.fits,299
sat_37834.0300.ast,334.9045584046,269.9928774929,1,0,0,khamada,6,6,2015.10.28 12:50:38.505,rme02,50,sat_37834.0300.fits,300
sat_37834.0301.ast,331.2578347578,267.0754985755,1,0,0,khamada,1,6,2015.10.28 13:03:47.648,rme02,51,sat_37834.0301.fits,301
sat_37834.0302.ast,333.4458689459,267.8048433048,1,0,0,khamada,2,6,2015.10.28 13:03:54.388,rme02,51,sat_37834.0302.fits,302
sat_37834.0303.ast,335.6339031339,269.9928774929,1,0,0,khamada,3,6,2015.10.28 13:04:01.062,rme02,51,sat_37834.0303.fits,303
sat_37834.0304.ast,335.6339031339,269.9928774929,1,0,0,khamada,4,6,2015.10.28 13:04:07.660,rme02,51,sat_37834.0304.fits,304
sat_37834.0305.ast,332.7165242165,266.3461538462,1,0,0,khamada,5,6,2015.10.28 13:04:14.243,rme02,51,sat_37834.0305.fits,305
sat_37834.0306.ast,331.9871794872,266.3461538462,1,0,0,khamada,6,6,2015.10.28 13:04:21.170,rme02,51,sat_37834.0306.fits,306
sat_37834.0307.ast,332.7165242165,267.0754985755,1,0,0,khamada,1,6,2015.10.28 13:09:00.915,rme02,52,sat_37834.0307.fits,307
sat_37834.0308.ast,334.9045584046,267.8048433048,1,0,0,khamada,2,6,2015.10.28 13:09:07.525,rme02,52,sat_37834.0308.fits,308
sat_37834.0309.ast,332.7165242165,267.0754985755,1,0,0,khamada,3,6,2015.10.28 13:09:14.146,rme02,52,sat_37834.0309.fits,309
sat_37834.0310.ast,333.4458689459,264.8874643875,1,0,0,khamada,4,6,2015.10.28 13:09:20.753,rme02,52,sat_37834.0310.fits,310
sat_37834.0311.ast,332.7165242165,267.8048433048,1,0,0,khamada,5,6,2015.10.28 13:09:27.334,rme02,52,sat_37834.0311.fits,311
sat_37834.0312.ast,334.1752136752,266.3461538462,1,0,0,khamada,6,6,2015.10.28 13:09:34.294,rme02,52,sat_37834.0312.fits,312
sat_37834.0313.ast,330.5284900285,266.3461538462,1,0,0,khamada,1,6,2015.10.28 13:22:33.637,rme02,53,sat_37834.0313.fits,313
sat_37834.0314.ast,334.1752136752,267.8048433048,1,0,0,khamada,2,6,2015.10.28 13:22:40.209,rme02,53,sat_37834.0314.fits,314
sat_37834.0315.ast,331.9871794872,266.3461538462,1,0,0,khamada,3,6,2015.10.28 13:22:46.967,rme02,53,sat_37834.0315.fits,315
sat_37834.0316.ast,333.4458689459,265.6168091168,1,0,0,khamada,4,6,2015.10.28 13:22:53.586,rme02,53,sat_37834.0316.fits,316
sat_37834.0317.ast,334.1752136752,267.0754985755,1,0,0,khamada,5,6,2015.10.28 13:23:00.283,rme02,53,sat_37834.0317.fits,317
sat_37834.0318.ast,332.7165242165,266.3461538462,1,0,0,khamada,6,6,2015.10.28 13:23:06.980,rme02,53,sat_37834.0318.fits,318
sat_37834.0319.ast,336.3632478632,264.8874643875,1,0,0,khamada,1,6,2015.10.28 13:27:50.082,rme02,54,sat_37834.0319.fits,319
sat_37834.0320.ast,333.4458689459,266.3461538462,1,0,0,khamada,2,6,2015.10.28 13:27:56.744,rme02,54,sat_37834.0320.fits,320
sat_37834.0321.ast,333.4458689459,265.6168091168,1,0,0,khamada,3,6,2015.10.28 13:28:03.456,rme02,54,sat_37834.0321.fits,321
sat_37834.0322.ast,334.1752136752,266.3461538462,1,0,0,khamada,4,6,2015.10.28 13:28:10.024,rme02,54,sat_37834.0322.fits,322
sat_37834.0323.ast,333.4458689459,266.3461538462,1,0,0,khamada,5,6,2015.10.28 13:28:16.734,rme02,54,sat_37834.0323.fits,323
sat_37834.0324.ast,332.7165242165,264.8874643875,1,0,0,khamada,6,6,2015.10.28 13:28:23.370,rme02,54,sat_37834.0324.fits,324
sat_37834.0325.ast,336.3632478632,266.3461538462,1,0,0,khamada,1,6,2015.10.28 13:41:42.173,rme02,55,sat_37834.0325.fits,325
sat_37834.0326.ast,333.4458689459,267.8048433048,1,0,0,khamada,2,6,2015.10.28 13:41:48.732,rme02,55,sat_37834.0326.fits,326
sat_37834.0327.ast,332.7165242165,270.7222222222,1,0,0,khamada,3,6,2015.10.28 13:41:55.516,rme02,55,sat_37834.0327.fits,327
sat_37834.0328.ast,334.1752136752,266.3461538462,1,0,0,khamada,4,6,2015.10.28 13:42:02.255,rme02,55,sat_37834.0328.fits,328
sat_37834.0329.ast,331.2578347578,267.0754985755,1,0,0,khamada,5,6,2015.10.28 13:42:08.825,rme02,55,sat_37834.0329.fits,329
sat_37834.0330.ast,330.5284900285,267.0754985755,1,0,0,khamada,6,6,2015.10.28 13:42:15.646,rme02,55,sat_37834.0330.fits,330
sat_37834.0331.ast,334.1752136752,262.6994301994,1,0,0,khamada,1,6,2015.10.28 13:46:59.532,rme02,56,sat_37834.0331.fits,331
sat_37834.0332.ast,334.9045584046,266.3461538462,1,0,0,khamada,2,6,2015.10.28 13:47:06.161,rme02,56,sat_37834.0332.fits,332
sat_37834.0333.ast,330.5284900285,265.6168091168,1,0,0,khamada,3,6,2015.10.28 13:47:12.819,rme02,56,sat_37834.0333.fits,333
sat_37834.0334.ast,335.6339031339,265.6168091168,1,0,0,khamada,4,6,2015.10.28 13:47:19.470,rme02,56,sat_37834.0334.fits,334
sat_37834.0335.ast,334.1752136752,266.3461538462,1,0,0,khamada,5,6,2015.10.28 13:47:26.104,rme02,56,sat_37834.0335.fits,335
sat_37834.0336.ast,334.9045584046,263.4287749288,1,0,0,khamada,6,6,2015.10.28 13:47:32.726,rme02,56,sat_37834.0336.fits,336
sat_37834.0337.ast,335.6339031339,261.9700854701,1,0,0,khamada,1,6,2015.10.28 14:01:13.232,rme02,57,sat_37834.0337.fits,337
sat_37834.0338.ast,337.0925925926,265.6168091168,1,0,0,khamada,2,6,2015.10.28 14:01:19.991,rme02,57,sat_37834.0338.fits,338
sat_37834.0339.ast,334.1752136752,263.4287749288,1,0,0,khamada,3,6,2015.10.28 14:01:26.620,rme02,57,sat_37834.0339.fits,339
sat_37834.0340.ast,334.9045584046,263.4287749288,1,0,0,khamada,4,6,2015.10.28 14:01:33.229,rme02,57,sat_37834.0340.fits,340
sat_37834.0341.ast,334.1752136752,265.6168091168,1,0,0,khamada,5,6,2015.10.28 14:01:39.862,rme02,57,sat_37834.0341.fits,341
sat_37834.0342.ast,335.6339031339,262.6994301994,1,0,0,khamada,6,6,2015.10.28 14:01:46.457,rme02,57,sat_37834.0342.fits,342
sat_37834.0343.ast,334.373,262.996,1,1,37834,khamada,1,6,2015.10.28 14:06:28.506,rme02,58,sat_37834.0343.fits,343
sat_37834.0344.ast,334.728,263.001,1,1,37834,khamada,2,6,2015.10.28 14:06:35.424,rme02,58,sat_37834.0344.fits,344
sat_37834.0345.ast,334.732,263.216,1,1,37834,khamada,3,6,2015.10.28 14:06:42.019,rme02,58,sat_37834.0345.fits,345
sat_37834.0346.ast,334.692,263.206,1,1,37834,khamada,4,6,2015.10.28 14:06:48.766,rme02,58,sat_37834.0346.fits,346
sat_37834.0347.ast,334.672,263.78,1,1,37834,khamada,5,6,2015.10.28 14:06:55.361,rme02,58,sat_37834.0347.fits,347
sat_37834.0348.ast,334.8,263.66,1,1,37834,khamada,6,6,2015.10.28 14:07:02.151,rme02,58,sat_37834.0348.fits,348
sat_37834.0349.ast,335.6339031339,261.9700854701,1,0,0,khamada,1,6,2015.10.28 14:20:42.757,rme02,59,sat_37834.0349.fits,349
sat_37834.0350.ast,336.3632478632,261.9700854701,1,0,0,khamada,2,6,2015.10.28 14:20:49.366,rme02,59,sat_37834.0350.fits,350
sat_37834.0351.ast,337.8219373219,266.3461538462,1,0,0,khamada,3,6,2015.10.28 14:20:56.031,rme02,59,sat_37834.0351.fits,351
sat_37834.0352.ast,337.8219373219,264.8874643875,1,0,0,khamada,4,6,2015.10.28 14:21:02.764,rme02,59,sat_37834.0352.fits,352
sat_37834.0353.ast,337.8219373219,262.6994301994,1,0,0,khamada,5,6,2015.10.28 14:21:09.514,rme02,59,sat_37834.0353.fits,353
sat_37834.0354.ast,334.9045584046,263.4287749288,1,0,0,khamada,6,6,2015.10.28 14:21:16.129,rme02,59,sat_37834.0354.fits,354
sat_37834.0355.ast,336.042,261.643,1,1,37834,khamada,1,6,2015.10.28 14:25:59.837,rme02,60,sat_37834.0355.fits,355
sat_37834.0356.ast,336.187,261.588,1,1,37834,khamada,2,6,2015.10.28 14:26:06.398,rme02,60,sat_37834.0356.fits,356
sat_37834.0357.ast,336.041,262.23,1,1,37834,khamada,3,6,2015.10.28 14:26:12.967,rme02,60,sat_37834.0357.fits,357
sat_37834.0358.ast,336.181,262.345,1,1,37834,khamada,4,6,2015.10.28 14:26:19.617,rme02,60,sat_37834.0358.fits,358
sat_37834.0359.ast,336.115,262.495,1,1,37834,khamada,5,6,2015.10.28 14:26:26.220,rme02,60,sat_37834.0359.fits,359
sat_37834.0360.ast,336.081,262.53,1,1,37834,khamada,6,6,2015.10.28 14:26:32.928,rme02,60,sat_37834.0360.fits,360
sat_37834.0361.ast,336.652,263.571,1,1,37834,khamada,1,6,2015.10.28 14:39:41.743,rme02,61,sat_37834.0361.fits,361
sat_37834.0362.ast,336.772,263.819,1,1,37834,khamada,2,6,2015.10.28 14:39:48.272,rme02,61,sat_37834.0362.fits,362
sat_37834.0363.ast,336.971,263.952,1,1,37834,khamada,3,6,2015.10.28 14:39:54.971,rme02,61,sat_37834.0363.fits,363
sat_37834.0364.ast,336.844,264.064,1,1,37834,khamada,4,6,2015.10.28 14:40:01.622,rme02,61,sat_37834.0364.fits,364
sat_37834.0365.ast,336.987,264.268,1,1,37834,khamada,5,6,2015.10.28 14:40:08.205,rme02,61,sat_37834.0365.fits,365
sat_37834.0366.ast,337.072,264.024,1,1,37834,khamada,6,6,2015.10.28 14:40:14.858,rme02,61,sat_37834.0366.fits,366
sat_37834.0367.ast,336.867,261.088,1,1,37834,khamada,1,6,2015.10.28 14:44:56.273,rme02,62,sat_37834.0367.fits,367
sat_37834.0368.ast,336.806,261.343,1,1,37834,khamada,2,6,2015.10.28 14:45:02.945,rme02,62,sat_37834.0368.fits,368
sat_37834.0369.ast,336.768,261.596,1,1,37834,khamada,3,6,2015.10.28 14:45:09.519,rme02,62,sat_37834.0369.fits,369
sat_37834.0370.ast,337.081,261.535,1,1,37834,khamada,4,6,2015.10.28 14:45:16.344,rme02,62,sat_37834.0370.fits,370
sat_37834.0371.ast,336.929,261.977,1,1,37834,khamada,5,6,2015.10.28 14:45:23.011,rme02,62,sat_37834.0371.fits,371
sat_37834.0372.ast,336.886,261.898,1,1,37834,khamada,6,6,2015.10.28 14:45:29.769,rme02,62,sat_37834.0372.fits,372
sat_37834.0373.ast,336.944,262.9,1,1,37834,khamada,1,6,2015.10.28 14:59:05.731,rme02,63,sat_37834.0373.fits,373
sat_37834.0374.ast,337.041,263.026,1,1,37834,khamada,2,6,2015.10.28 14:59:12.416,rme02,63,sat_37834.0374.fits,374
sat_37834.0375.ast,337.367,262.969,1,1,37834,khamada,3,6,2015.10.28 14:59:19.094,rme02,63,sat_37834.0375.fits,375
sat_37834.0376.ast,337.087,263.333,1,1,37834,khamada,4,6,2015.10.28 14:59:25.940,rme02,63,sat_37834.0376.fits,376
sat_37834.0377.ast,337.468,263.167,1,1,37834,khamada,5,6,2015.10.28 14:59:32.603,rme02,63,sat_37834.0377.fits,377
sat_37834.0378.ast,337.422,263.602,1,1,37834,khamada,6,6,2015.10.28 14:59:39.166,rme02,63,sat_37834.0378.fits,378
sat_37834.0379.ast,337.2,260.854,1,1,37834,khamada,1,6,2015.10.28 15:04:21.274,rme02,64,sat_37834.0379.fits,379
sat_37834.0380.ast,337.495,260.846,1,1,37834,khamada,2,6,2015.10.28 15:04:27.940,rme02,64,sat_37834.0380.fits,380
sat_37834.0381.ast,337.654,261.032,1,1,37834,khamada,3,6,2015.10.28 15:04:34.580,rme02,64,sat_37834.0381.fits,381
sat_37834.0382.ast,337.699,261.058,1,1,37834,khamada,4,6,2015.10.28 15:04:41.454,rme02,64,sat_37834.0382.fits,382
sat_37834.0383.ast,337.69,261.163,1,1,37834,khamada,5,6,2015.10.28 15:04:48.202,rme02,64,sat_37834.0383.fits,383
sat_37834.0384.ast,337.878,261.121,1,1,37834,khamada,6,6,2015.10.28 15:04:54.769,rme02,64,sat_37834.0384.fits,384
sat_37834.0385.ast,339.099,261.797,1,1,37834,khamada,1,6,2015.10.28 15:18:01.782,rme02,65,sat_37834.0385.fits,385
sat_37834.0386.ast,339.052,261.87,1,1,37834,khamada,2,6,2015.10.28 15:18:08.618,rme02,65,sat_37834.0386.fits,386
sat_37834.0387.ast,339.123,262.166,1,1,37834,khamada,3,6,2015.10.28 15:18:15.179,rme02,65,sat_37834.0387.fits,387
sat_37834.0388.ast,339.128,262.214,1,1,37834,khamada,4,6,2015.10.28 15:18:21.828,rme02,65,sat_37834.0388.fits,388
sat_37834.0389.ast,339.03,262.522,1,1,37834,khamada,5,6,2015.10.28 15:18:28.445,rme02,65,sat_37834.0389.fits,389
sat_37834.0390.ast,339.178,262.734,1,1,37834,khamada,6,6,2015.10.28 15:18:35.075,rme02,65,sat_37834.0390.fits,390
sat_37834.0391.ast,339.469,260.285,1,1,37834,khamada,1,6,2015.10.28 15:23:18.551,rme02,66,sat_37834.0391.fits,391
sat_37834.0392.ast,339.541,260.549,1,1,37834,khamada,2,6,2015.10.28 15:23:25.102,rme02,66,sat_37834.0392.fits,392
sat_37834.0393.ast,339.517,260.766,1,1,37834,khamada,3,6,2015.10.28 15:23:31.866,rme02,66,sat_37834.0393.fits,393
sat_37834.0394.ast,339.49,260.973,1,1,37834,khamada,4,6,2015.10.28 15:23:38.554,rme02,66,sat_37834.0394.fits,394
sat_37834.0395.ast,339.586,260.902,1,1,37834,khamada,5,6,2015.10.28 15:23:45.147,rme02,66,sat_37834.0395.fits,395
sat_37834.0396.ast,339.605,260.834,1,1,37834,khamada,6,6,2015.10.28 15:23:51.946,rme02,66,sat_37834.0396.fits,396
sat_37834.0397.ast,340.26,259.479,1,1,37834,khamada,1,6,2015.10.28 15:37:05.669,rme02,67,sat_37834.0397.fits,397
sat_37834.0398.ast,340.7393162393,261.9700854701,1,0,0,khamada,2,6,2015.10.28 15:37:12.319,rme02,67,sat_37834.0398.fits,398
sat_37834.0399.ast,340.419,260.111,1,1,37834,khamada,3,6,2015.10.28 15:37:18.917,rme02,67,sat_37834.0399.fits,399
sat_37834.0400.ast,340.4,259.799,1,1,37834,khamada,4,6,2015.10.28 15:37:25.499,rme02,67,sat_37834.0400.fits,400
sat_37834.0401.ast,340.225,260.373,1,1,37834,khamada,5,6,2015.10.28 15:37:32.101,rme02,67,sat_37834.0401.fits,401
sat_37834.0402.ast,340.63,260.123,NaN,1,37834,AstroGraph,6,6,2015.10.28 15:37:38.630,rme02,67,sat_37834.0402.fits,402
